"Column Name","Label"
"GEO_ID","Geography"
"NAME","Geographic Area Name"
"P9_001N"," !!Total:"
"P9_002N"," !!Total:!!Hispanic or Latino"
"P9_003N"," !!Total:!!Not Hispanic or Latino:"
"P9_004N"," !!Total:!!Not Hispanic or Latino:!!Population of one race:"
"P9_005N"," !!Total:!!Not Hispanic or Latino:!!Population of one race:!!White alone"
"P9_006N"," !!Total:!!Not Hispanic or Latino:!!Population of one race:!!Black or African American alone"
"P9_007N"," !!Total:!!Not Hispanic or Latino:!!Population of one race:!!American Indian and Alaska Native alone"
"P9_008N"," !!Total:!!Not Hispanic or Latino:!!Population of one race:!!Asian alone"
"P9_009N"," !!Total:!!Not Hispanic or Latino:!!Population of one race:!!Native Hawaiian and Other Pacific Islander alone"
"P9_010N"," !!Total:!!Not Hispanic or Latino:!!Population of one race:!!Some Other Race alone"
"P9_011N"," !!Total:!!Not Hispanic or Latino:!!Population of two or more races:"
"P9_012N"," !!Total:!!Not Hispanic or Latino:!!Population of two or more races:!!Population of two races:"
"P9_013N"," !!Total:!!Not Hispanic or Latino:!!Population of two or more races:!!Population of two races:!!White; Black or African American"
"P9_014N"," !!Total:!!Not Hispanic or Latino:!!Population of two or more races:!!Population of two races:!!White; American Indian and Alaska Native"
"P9_015N"," !!Total:!!Not Hispanic or Latino:!!Population of two or more races:!!Population of two races:!!White; Asian"
"P9_016N"," !!Total:!!Not Hispanic or Latino:!!Population of two or more races:!!Population of two races:!!White; Native Hawaiian and Other Pacific Islander"
"P9_017N"," !!Total:!!Not Hispanic or Latino:!!Population of two or more races:!!Population of two races:!!White; Some Other Race"
"P9_018N"," !!Total:!!Not Hispanic or Latino:!!Population of two or more races:!!Population of two races:!!Black or African American; American Indian and Alaska Native"
"P9_019N"," !!Total:!!Not Hispanic or Latino:!!Population of two or more races:!!Population of two races:!!Black or African American; Asian"
"P9_020N"," !!Total:!!Not Hispanic or Latino:!!Population of two or more races:!!Population of two races:!!Black or African American; Native Hawaiian and Other Pacific Islander"
"P9_021N"," !!Total:!!Not Hispanic or Latino:!!Population of two or more races:!!Population of two races:!!Black or African American; Some Other Race"
"P9_022N"," !!Total:!!Not Hispanic or Latino:!!Population of two or more races:!!Population of two races:!!American Indian and Alaska Native; Asian"
"P9_023N"," !!Total:!!Not Hispanic or Latino:!!Population of two or more races:!!Population of two races:!!American Indian and Alaska Native; Native Hawaiian and Other Pacific Islander"
"P9_024N"," !!Total:!!Not Hispanic or Latino:!!Population of two or more races:!!Population of two races:!!American Indian and Alaska Native; Some Other Race"
"P9_025N"," !!Total:!!Not Hispanic or Latino:!!Population of two or more races:!!Population of two races:!!Asian; Native Hawaiian and Other Pacific Islander"
"P9_026N"," !!Total:!!Not Hispanic or Latino:!!Population of two or more races:!!Population of two races:!!Asian; Some Other Race"
"P9_027N"," !!Total:!!Not Hispanic or Latino:!!Population of two or more races:!!Population of two races:!!Native Hawaiian and Other Pacific Islander; Some Other Race"
"P9_028N"," !!Total:!!Not Hispanic or Latino:!!Population of two or more races:!!Population of three races:"
"P9_029N"," !!Total:!!Not Hispanic or Latino:!!Population of two or more races:!!Population of three races:!!White; Black or African American; American Indian and Alaska Native"
"P9_030N"," !!Total:!!Not Hispanic or Latino:!!Population of two or more races:!!Population of three races:!!White; Black or African American; Asian"
"P9_031N"," !!Total:!!Not Hispanic or Latino:!!Population of two or more races:!!Population of three races:!!White; Black or African American; Native Hawaiian and Other Pacific Islander"
"P9_032N"," !!Total:!!Not Hispanic or Latino:!!Population of two or more races:!!Population of three races:!!White; Black or African American; Some Other Race"
"P9_033N"," !!Total:!!Not Hispanic or Latino:!!Population of two or more races:!!Population of three races:!!White; American Indian and Alaska Native; Asian"
"P9_034N"," !!Total:!!Not Hispanic or Latino:!!Population of two or more races:!!Population of three races:!!White; American Indian and Alaska Native; Native Hawaiian and Other Pacific Islander"
"P9_035N"," !!Total:!!Not Hispanic or Latino:!!Population of two or more races:!!Population of three races:!!White; American Indian and Alaska Native; Some Other Race"
"P9_036N"," !!Total:!!Not Hispanic or Latino:!!Population of two or more races:!!Population of three races:!!White; Asian; Native Hawaiian and Other Pacific Islander"
"P9_037N"," !!Total:!!Not Hispanic or Latino:!!Population of two or more races:!!Population of three races:!!White; Asian; Some Other Race"
"P9_038N"," !!Total:!!Not Hispanic or Latino:!!Population of two or more races:!!Population of three races:!!White; Native Hawaiian and Other Pacific Islander; Some Other Race"
"P9_039N"," !!Total:!!Not Hispanic or Latino:!!Population of two or more races:!!Population of three races:!!Black or African American; American Indian and Alaska Native; Asian"
"P9_040N"," !!Total:!!Not Hispanic or Latino:!!Population of two or more races:!!Population of three races:!!Black or African American; American Indian and Alaska Native; Native Hawaiian and Other Pacific Islander"
"P9_041N"," !!Total:!!Not Hispanic or Latino:!!Population of two or more races:!!Population of three races:!!Black or African American; American Indian and Alaska Native; Some Other Race"
"P9_042N"," !!Total:!!Not Hispanic or Latino:!!Population of two or more races:!!Population of three races:!!Black or African American; Asian; Native Hawaiian and Other Pacific Islander"
"P9_043N"," !!Total:!!Not Hispanic or Latino:!!Population of two or more races:!!Population of three races:!!Black or African American; Asian; Some Other Race"
"P9_044N"," !!Total:!!Not Hispanic or Latino:!!Population of two or more races:!!Population of three races:!!Black or African American; Native Hawaiian and Other Pacific Islander; Some Other Race"
"P9_045N"," !!Total:!!Not Hispanic or Latino:!!Population of two or more races:!!Population of three races:!!American Indian and Alaska Native; Asian; Native Hawaiian and Other Pacific Islander"
"P9_046N"," !!Total:!!Not Hispanic or Latino:!!Population of two or more races:!!Population of three races:!!American Indian and Alaska Native; Asian; Some Other Race"
"P9_047N"," !!Total:!!Not Hispanic or Latino:!!Population of two or more races:!!Population of three races:!!American Indian and Alaska Native; Native Hawaiian and Other Pacific Islander; Some Other Race"
"P9_048N"," !!Total:!!Not Hispanic or Latino:!!Population of two or more races:!!Population of three races:!!Asian; Native Hawaiian and Other Pacific Islander; Some Other Race"
"P9_049N"," !!Total:!!Not Hispanic or Latino:!!Population of two or more races:!!Population of four races:"
"P9_050N"," !!Total:!!Not Hispanic or Latino:!!Population of two or more races:!!Population of four races:!!White; Black or African American; American Indian and Alaska Native; Asian"
"P9_051N"," !!Total:!!Not Hispanic or Latino:!!Population of two or more races:!!Population of four races:!!White; Black or African American; American Indian and Alaska Native; Native Hawaiian and Other Pacific Islander"
"P9_052N"," !!Total:!!Not Hispanic or Latino:!!Population of two or more races:!!Population of four races:!!White; Black or African American; American Indian and Alaska Native; Some Other Race"
"P9_053N"," !!Total:!!Not Hispanic or Latino:!!Population of two or more races:!!Population of four races:!!White; Black or African American; Asian; Native Hawaiian and Other Pacific Islander"
"P9_054N"," !!Total:!!Not Hispanic or Latino:!!Population of two or more races:!!Population of four races:!!White; Black or African American; Asian; Some Other Race"
"P9_055N"," !!Total:!!Not Hispanic or Latino:!!Population of two or more races:!!Population of four races:!!White; Black or African American; Native Hawaiian and Other Pacific Islander; Some Other Race"
"P9_056N"," !!Total:!!Not Hispanic or Latino:!!Population of two or more races:!!Population of four races:!!White; American Indian and Alaska Native; Asian; Native Hawaiian and Other Pacific Islander"
"P9_057N"," !!Total:!!Not Hispanic or Latino:!!Population of two or more races:!!Population of four races:!!White; American Indian and Alaska Native; Asian; Some Other Race"
"P9_058N"," !!Total:!!Not Hispanic or Latino:!!Population of two or more races:!!Population of four races:!!White; American Indian and Alaska Native; Native Hawaiian and Other Pacific Islander; Some Other Race"
"P9_059N"," !!Total:!!Not Hispanic or Latino:!!Population of two or more races:!!Population of four races:!!White; Asian; Native Hawaiian and Other Pacific Islander; Some Other Race"
"P9_060N"," !!Total:!!Not Hispanic or Latino:!!Population of two or more races:!!Population of four races:!!Black or African American; American Indian and Alaska Native; Asian; Native Hawaiian and Other Pacific Islander"
"P9_061N"," !!Total:!!Not Hispanic or Latino:!!Population of two or more races:!!Population of four races:!!Black or African American; American Indian and Alaska Native; Asian; Some Other Race"
"P9_062N"," !!Total:!!Not Hispanic or Latino:!!Population of two or more races:!!Population of four races:!!Black or African American; American Indian and Alaska Native; Native Hawaiian and Other Pacific Islander; Some Other Race"
"P9_063N"," !!Total:!!Not Hispanic or Latino:!!Population of two or more races:!!Population of four races:!!Black or African American; Asian; Native Hawaiian and Other Pacific Islander; Some Other Race"
"P9_064N"," !!Total:!!Not Hispanic or Latino:!!Population of two or more races:!!Population of four races:!!American Indian and Alaska Native; Asian; Native Hawaiian and Other Pacific Islander; Some Other Race"
"P9_065N"," !!Total:!!Not Hispanic or Latino:!!Population of two or more races:!!Population of five races:"
"P9_066N"," !!Total:!!Not Hispanic or Latino:!!Population of two or more races:!!Population of five races:!!White; Black or African American; American Indian and Alaska Native; Asian; Native Hawaiian and Other Pacific Islander"
"P9_067N"," !!Total:!!Not Hispanic or Latino:!!Population of two or more races:!!Population of five races:!!White; Black or African American; American Indian and Alaska Native; Asian; Some Other Race"
"P9_068N"," !!Total:!!Not Hispanic or Latino:!!Population of two or more races:!!Population of five races:!!White; Black or African American; American Indian and Alaska Native; Native Hawaiian and Other Pacific Islander; Some Other Race"
"P9_069N"," !!Total:!!Not Hispanic or Latino:!!Population of two or more races:!!Population of five races:!!White; Black or African American; Asian; Native Hawaiian and Other Pacific Islander; Some Other Race"
"P9_070N"," !!Total:!!Not Hispanic or Latino:!!Population of two or more races:!!Population of five races:!!White; American Indian and Alaska Native; Asian; Native Hawaiian and Other Pacific Islander; Some Other Race"
"P9_071N"," !!Total:!!Not Hispanic or Latino:!!Population of two or more races:!!Population of five races:!!Black or African American; American Indian and Alaska Native; Asian; Native Hawaiian and Other Pacific Islander; Some Other Race"
"P9_072N"," !!Total:!!Not Hispanic or Latino:!!Population of two or more races:!!Population of six races:"
"P9_073N"," !!Total:!!Not Hispanic or Latino:!!Population of two or more races:!!Population of six races:!!White; Black or African American; American Indian and Alaska Native; Asian; Native Hawaiian and Other Pacific Islander; Some Other Race"
